PersonID,KnessetNum,FactionID
4217,17,638
4302,17,634
528,16,424
526,16,422
549,16,52
524,16,49
1068,16,49
521,16,49
567,16,43
1048,16,43
433,16,42
445,16,42
763,16,442
1027,16,24
454,16,502
504,16,522
520,16,462
1033,17,622
560,16,602
4403,17,624
4402,17,622
454,17,624
1027,17,690
528,17,632
5977,0,87
2218,0,87
5978,0,101
2270,0,87
5979,0,101
2422,0,85
5895,0,692
5980,0,91
2314,0,91
5985,0,87
5986,0,87
5987,0,85
5988,0,85
2456,0,85
2462,0,97
2464,0,99
5989,0,694
2478,0,101
2504,0,91
5990,0,101
2516,0,95
2407,0,87
5991,0,692
2610,0,691
5992,0,87
2665,0,87
445,17,624
4300,17,702
4295,17,630
4355,17,622
467,17,622
1061,18,744
521,18,743
433,18,751
12955,18,746
4412,18,747
503,18,749
560,18,752
4419,18,753
4303,17,722
504,17,640
540,17,630
1061,17,626
12949,18,742
4397,18,748
12966,18,750
4295,18,745
763,16,444
540,16,604
4412,17,638
549,17,636
4300,17,634
713,17,642
2131,0,101
5975,0,87
2136,0,87
5976,0,87
2145,0,692
5981,0,101
5982,0,692
5983,0,117
5984,0,101
2390,0,95
14470,18,762
1056,17,628
5904,0,91
5898,0,692
5897,0,691
5909,0,101
5899,0,87
5900,0,692
5901,0,91
5902,0,91
2575,0,95
5903,0,101
2266,0,95
5907,0,694
501,15,5
5906,0,101
5908,0,87
559,15,21
567,15,8
504,15,6
560,15,22
558,15,20
430,15,7
538,15,12
553,15,17
524,15,9
554,15,18
432,15,23
540,15,14
563,15,10
533,15,11
548,15,15
557,15,19
549,15,16
558,16,51
427,16,45
540,16,50
528,16,48
504,16,62
557,16,47
494,16,44
2210,0,83
2486,0,83
2571,0,83
2616,0,83
2427,0,85
2198,0,87
2207,0,87
2590,0,87
2114,0,87
2448,0,87
2163,0,87
2613,0,87
2223,0,91
2639,0,93
2600,0,95
2404,0,97
2319,0,99
2546,0,101
2325,0,101
2661,0,101
2400,0,103
23511,20,907
4397,20,882
30084,20,906
30066,20,903
445,20,902
23600,20,904
2291,20,910
4412,20,905
12955,20,908
503,20,909
12952,20,913
23568,20,914
23511,20,916
30657,21,917
2291,21,918
528,21,928
30084,21,930
23651,21,926
2291,22,932
528,22,936
30657,22,938
23651,22,939
23512,22,941
528,23,944
30657,23,946
2291,23,947
30716,23,960
532,24,962
30300,24,962
23564,24,962
12937,24,962
23558,24,962
30703,24,962
30700,24,962
30708,24,962
30077,24,962
1025,24,962
4395,24,962
467,24,962
30058,24,962
30724,24,962
30083,24,962
30701,24,962
556,24,962
468,24,962
12951,24,962
30707,24,962
965,24,962
30702,24,962
30057,24,962
30704,24,962
12959,24,962
477,24,962
30706,24,962
23565,24,963
30751,24,964
560,24,964
30719,24,964
30070,24,964
30066,24,964
30067,24,964
1057,24,965
23641,24,965
526,24,965
528,24,965
11835,24,965
30672,24,965
563,24,965
528,24,965
23511,24,966
30662,24,966
23512,24,966
23631,24,967
30691,24,967
30681,24,967
23639,24,967
23597,24,967
23632,24,967
23594,24,967
30695,24,967
30721,24,967
23601,24,967
23591,24,967
30723,24,968
427,24,968
23560,24,968
30722,24,968
12938,24,968
30121,24,968
30741,24,968
30682,24,969
30657,24,969
30683,24,969
30685,24,969
30694,24,969
30749,24,971
30601,24,971
30660,24,971
30765,24,971
28513,24,971
2291,24,971
30470,24,971
1056,24,971
30809,24,962
30717,24,962
12952,24,962
30811,24,961
30810,24,961
23551,24,961
30812,24,961
30055,24,961
30548,24,973
30803,24,973
30752,24,973
30713,24,973
30804,24,971
30787,24,966
30102,24,967
30776,24,967
30780,24,967
30720,24,967
30686,24,967
23635,24,969
23673,24,963
30806,24,963
30807,24,963
30808,24,963
30696,24,963
30743,24,970
12947,24,970
23651,24,970
23652,24,970
30805,24,970
1027,24,972
30082,24,972
30680,24,972
2178,24,972
4397,24,972
30118,24,972
30788,24,966
30786,24,966
30781,24,967
30813,24,963
30814,24,961
30693,24,969
30775,24,969
511,24,970
30718,24,966
30768,24,965
30671,24,965
30770,24,971
2291,24,971
528,24,965
30797,24,972
30789,24,966
30783,24,967
30684,24,972
30778,24,969
30745,24,968
30815,24,968
30816,24,969
30817,24,969
30782,24,967
23653,24,970
30818,24,970
30796,24,968
30106,24,963
30784,24,967
30717,24,974
30717,24,974
30717,24,961
11835,24,965
30791,24,966
30705,24,972
30777,24,967
30820,24,967
30821,24,970
30823,24,968
30758,24,973
12951,24,962
23639,24,967
30470,24,971
30693,24,969
30787,24,966
30696,24,963
30722,24,968
23551,24,961
30752,24,973
30751,24,964
23653,24,970
30118,24,972
2131,1,131
2144,1,111
2134,1,109
2136,1,109
2533,1,105
2149,1,119
2151,1,119
2159,1,109
2161,1,109
2163,1,109
2170,1,105
2171,1,109
2179,1,115
2181,1,115
2182,1,105
2184,1,109
2187,1,131
2194,1,105
2195,1,115
2197,1,109
2198,1,109
2210,1,105
2204,1,119
2207,1,109
2219,1,109
2215,1,105
2217,1,105
2223,1,117
2225,1,109
2218,1,109
2228,1,109
2231,1,111
2235,1,109
2240,1,131
2248,1,109
2249,1,109
2252,1,117
2255,1,139
2257,1,105
2259,1,131
2264,1,131
2265,1,115
2266,1,123
2270,1,109
2279,1,109
2280,1,109
2289,1,109
2295,1,109
2297,1,109
2311,1,109
2313,1,109
2314,1,123
2319,1,129
2325,1,131
2329,1,115
2347,1,109
2348,1,105
2360,1,109
2361,1,105
2362,1,109
2363,1,129
2373,1,109
2375,1,109
2379,1,125
2381,1,105
2389,1,109
2390,1,123
2396,1,109
2404,1,131
2400,1,145
2401,1,115
2407,1,109
2412,1,115
2416,1,109
2417,1,109
2422,1,131
2427,1,131
2433,1,109
2434,1,105
2440,1,109
2441,1,105
2442,1,115
2443,1,115
2448,1,109
2456,1,131
2460,1,131
2461,1,109
2462,1,131
2464,1,129
2471,1,115
2472,1,115
2478,1,131
2486,1,105
2493,1,109
2494,1,109
2508,1,109
2509,1,105
2512,1,117
2516,1,117
2531,1,123
2546,1,131
2548,1,109
2551,1,105
2555,1,129
2555,1,977
2555,1,105
2557,1,117
2571,1,105
2578,1,115
2584,1,117
2586,1,131
2588,1,109
2590,1,109
2598,1,105
2600,1,123
2605,1,117
2607,1,115
2610,1,105
2613,1,109
2616,1,105
2617,1,105
2618,1,115
2619,1,131
2631,1,109
2639,1,119
2651,1,109
2657,1,109
2661,1,131
2665,1,109
2666,1,109
2114,1,109
2671,1,109
2123,2,153
2131,2,173
2133,2,149
2144,2,151
2134,2,149
2136,2,149
2137,2,155
2145,2,153
2149,2,183
2149,2,155
2159,2,149
2161,2,149
2163,2,149
2167,2,155
2170,2,147
2170,2,163
2171,2,149
2173,2,149
2177,2,155
2179,2,153
2181,2,153
2185,2,155
2187,2,173
2188,2,155
2194,2,147
2194,2,163
2195,2,153
2197,2,149
2198,2,149
2210,2,147
2199,2,171
2203,2,169
2207,2,149
2211,2,147
2211,2,979
2211,2,147
2219,2,149
2215,2,147
2215,2,163
2221,2,147
2221,2,979
2221,2,167
2223,2,155
2218,2,149
2235,2,149
2248,2,149
2259,2,173
2263,2,179
2263,2,155
2263,2,179
2266,2,161
2271,2,171
2279,2,149
2295,2,149
2297,2,149
2299,2,149
2301,2,149
2306,2,155
2313,2,149
2314,2,161
2318,2,167
2319,2,167
2325,2,173
2340,2,155
2354,2,181
2344,2,167
2348,2,147
2349,2,173
2352,2,159
2359,2,155
2362,2,149
2363,2,167
2375,2,149
2381,2,147
2389,2,149
2390,2,161
2404,2,165
2401,2,153
2405,2,149
2407,2,149
2408,2,149
2414,2,155
2416,2,149
2417,2,149
2423,2,149
2427,2,171
2431,2,171
2433,2,149
2434,2,147
2434,2,978
2434,2,149
2441,2,147
2441,2,978
2441,2,149
2442,2,153
2448,2,149
2454,2,151
2461,2,149
2462,2,165
2464,2,167
2471,2,153
2478,2,169
2484,2,149
2488,2,149
2493,2,149
2494,2,149
2500,2,155
2504,2,155
2508,2,149
2509,2,147
2509,2,979
2509,2,167
2512,2,155
2516,2,155
2531,2,161
2542,2,149
2544,2,155
2546,2,169
2551,2,147
2554,2,155
2557,2,155
2564,2,149
2571,2,147
2571,2,163
2575,2,161
2584,2,155
2586,2,173
2587,2,149
2589,2,151
2590,2,149
2598,2,147
2600,2,161
2605,2,155
2607,2,153
2609,2,155
2610,2,147
2615,2,173
2627,2,153
2631,2,149
2639,2,149
2661,2,173
2662,2,149
2663,2,149
2665,2,149
2666,2,149
2114,2,149
2670,2,183
2670,2,155
2671,2,149
2123,3,193
2125,3,189
2130,3,193
2131,3,207
2131,3,982
2131,3,981
2144,3,191
2134,3,189
2136,3,189
2137,3,195
2142,3,203
2145,3,193
2150,3,189
2156,3,203
2159,3,189
2161,3,189
2163,3,189
2165,3,193
2167,3,195
2170,3,203
2171,3,189
2173,3,189
2177,3,195
2179,3,193
2181,3,193
2184,3,189
2187,3,207
2187,3,982
2187,3,981
2188,3,195
2194,3,203
2195,3,193
2198,3,189
2210,3,185
2199,3,209
2199,3,980
2203,3,207
2203,3,982
2203,3,981
2212,3,189
2219,3,189
2220,3,185
2215,3,203
2223,3,195
2218,3,189
2235,3,189
2248,3,189
2257,3,203
2260,3,980
2264,3,207
2264,3,982
2264,3,981
2269,3,189
2279,3,189
2295,3,189
2299,3,189
2303,3,203
2306,3,195
2313,3,189
2314,3,199
2318,3,205
2319,3,205
2325,3,207
2325,3,982
2325,3,981
2330,3,207
2330,3,982
2330,3,981
2353,3,185
2354,3,211
2344,3,205
2348,3,185
2349,3,207
2349,3,982
2349,3,981
2352,3,197
2361,3,203
2362,3,189
2363,3,205
2372,3,185
2374,3,193
2375,3,189
2378,3,189
2381,3,185
2386,3,185
2389,3,189
2411,3,209
2411,3,980
2390,3,199
2395,3,199
2404,3,209
2404,3,980
2401,3,193
2407,3,189
2408,3,189
2415,3,203
2416,3,189
2423,3,189
2427,3,209
2427,3,980
2428,3,193
2430,3,189
2431,3,209
2431,3,980
2434,3,189
2441,3,189
2442,3,193
5956,3,203
2448,3,189
2454,3,191
2462,3,209
2462,3,980
2464,3,205
2471,3,193
2478,3,207
2478,3,982
2478,3,981
2484,3,189
2486,3,203
2488,3,189
2493,3,189
2494,3,189
2500,3,195
2506,3,211
2508,3,189
2509,3,205
2512,3,195
2516,3,195
2517,3,203
2531,3,199
2554,3,195
2557,3,195
2564,3,189
2565,3,189
2567,3,203
2584,3,195
2586,3,207
2586,3,982
2586,3,981
2589,3,191
2592,3,189
2598,3,185
2600,3,199
2605,3,195
2607,3,193
2609,3,195
2610,3,185
2612,3,189
2615,3,207
2615,3,982
2615,3,981
2627,3,193
2628,3,193
2629,3,199
2630,3,189
2631,3,189
2639,3,189
2661,3,207
2661,3,982
2661,3,981
2662,3,189
2665,3,189
2114,3,189
2673,3,185
2118,4,229
2122,4,219
2123,4,221
2126,4,223
2126,4,241
2116,4,217
2130,4,221
2131,4,237
2134,4,219
2136,4,219
2137,4,223
2137,4,241
2142,4,231
2145,4,221
2150,4,219
2154,4,225
2159,4,219
2161,4,219
2163,4,219
2165,4,221
2171,4,219
2173,4,219
2179,4,221
2181,4,221
2187,4,237
2189,4,231
2194,4,231
2195,4,221
2198,4,219
2210,4,213
2200,4,219
2203,4,237
2212,4,219
2219,4,219
2220,4,213
2215,4,231
2223,4,223
2223,4,241
2224,4,219
2218,4,219
2235,4,219
2245,4,227
2245,4,241
2248,4,219
2257,4,231
2260,4,215
2264,4,237
2269,4,219
2274,4,229
2277,4,219
2288,4,221
2295,4,219
2303,4,231
2313,4,219
2314,4,227
2314,4,241
2319,4,235
2325,4,237
2330,4,237
2343,4,219
2353,4,213
2348,4,213
2349,4,237
2355,4,219
2362,4,219
2363,4,235
2370,4,219
2372,4,213
2374,4,221
2377,4,219
2381,4,213
2389,4,219
2411,4,239
2411,4,233
2390,4,227
2390,4,241
2396,4,219
2404,4,239
2404,4,233
2401,4,221
2406,4,227
2406,4,241
2407,4,219
2415,4,231
2416,4,219
2423,4,219
2427,4,239
2427,4,215
2428,4,221
2431,4,239
2431,4,215
2441,4,219
2442,4,221
2448,4,219
2462,4,239
2462,4,233
2464,4,235
2471,4,221
2470,4,221
2478,4,237
2480,4,217
2486,4,231
2488,4,219
2489,4,223
2489,4,241
2494,4,219
2508,4,219
2509,4,235
2510,4,237
2512,4,223
2512,4,241
2513,4,219
2514,4,219
2516,4,223
2516,4,241
2536,4,219
2549,4,239
2549,4,215
456,4,219
2561,4,219
2564,4,219
2565,4,219
2572,4,223
2572,4,241
2575,4,227
2575,4,241
2580,4,219
2582,4,213
2592,4,219
2598,4,213
2600,4,227
2600,4,241
2607,4,221
2609,4,223
2609,4,241
2610,4,213
2615,4,237
2627,4,221
2628,4,221
2630,4,219
2632,4,237
2639,4,219
2640,4,221
2661,4,237
2114,4,219
2673,4,213
2122,5,251
2123,5,253
2123,5,255
2126,5,271
2126,5,255
2116,5,249
2131,5,269
2134,5,251
2136,5,251
2142,5,261
2145,5,253
2145,5,255
2150,5,251
2155,5,251
2159,5,251
2161,5,251
2163,5,251
2165,5,253
2165,5,255
2170,5,261
2171,5,251
2173,5,251
2179,5,253
2179,5,255
2181,5,253
2181,5,255
2187,5,269
2189,5,261
2194,5,261
2195,5,253
2195,5,255
2198,5,251
2210,5,243
2200,5,251
2203,5,269
2212,5,251
2219,5,251
2220,5,243
2215,5,261
2223,5,271
2223,5,255
2224,5,251
2218,5,251
2230,5,261
2235,5,251
2241,5,271
2241,5,255
2245,5,271
2245,5,273
2248,5,251
2257,5,261
2260,5,245
2264,5,269
2269,5,251
2277,5,251
2288,5,253
2295,5,251
2303,5,261
2313,5,251
2314,5,271
2314,5,273
2318,5,265
2319,5,265
2325,5,269
2330,5,269
2343,5,251
2353,5,243
2344,5,265
2344,5,275
2348,5,243
2349,5,269
2355,5,251
2362,5,251
2363,5,265
2363,5,275
2365,5,253
2365,5,255
2370,5,251
2377,5,251
2381,5,243
2389,5,251
2411,5,263
2390,5,271
2391,5,271
2391,5,273
2396,5,251
2404,5,263
2400,5,271
2400,5,273
2401,5,253
2401,5,255
2407,5,251
2407,5,983
2415,5,261
2423,5,251
2427,5,245
2428,5,253
2428,5,255
2431,5,245
2441,5,251
2442,5,253
2442,5,255
2448,5,251
2454,5,259
2464,5,265
2471,5,253
2471,5,255
2470,5,253
2470,5,255
2478,5,269
2480,5,249
2486,5,261
2488,5,251
2494,5,251
2508,5,251
2509,5,265
2510,5,269
2512,5,271
2512,5,255
2513,5,251
2514,5,251
2516,5,271
2516,5,255
2518,5,259
2519,5,271
2519,5,255
2536,5,251
2549,5,245
2554,5,271
2554,5,255
456,5,251
2561,5,251
2564,5,251
2565,5,251
2572,5,271
2572,5,255
2575,5,271
2575,5,273
2580,5,251
2582,5,243
2585,5,271
2585,5,255
2586,5,269
2592,5,251
2593,5,253
2593,5,255
2598,5,243
2600,5,271
2600,5,273
2607,5,253
2607,5,255
2609,5,271
2609,5,255
2610,5,243
2615,5,269
2621,5,269
2627,5,253
2627,5,255
2628,5,253
2628,5,255
2630,5,251
2632,5,269
2639,5,251
2640,5,253
2640,5,255
2648,5,243
2655,5,271
2655,5,273
2661,5,269
2114,5,251
2673,5,243
2122,6,985
2122,6,986
2122,6,299
2123,6,287
2124,6,311
2126,6,287
2129,6,985
2129,6,986
2129,6,299
2144,6,285
2144,6,990
2144,6,988
2332,6,279
2332,6,299
2134,6,985
2134,6,986
2134,6,299
2142,6,985
2142,6,986
2142,6,299
2143,6,985
2143,6,986
2143,6,299
2146,6,985
2146,6,986
2146,6,299
2148,6,305
2150,6,289
2150,6,986
2150,6,299
2155,6,299
2162,6,985
2162,6,986
2162,6,299
2166,6,279
2166,6,299
2170,6,985
2170,6,986
2170,6,299
2171,6,985
2171,6,986
2171,6,299
2173,6,985
2173,6,986
2173,6,299
2179,6,287
2181,6,287
2184,6,289
2184,6,986
2184,6,299
2189,6,985
2189,6,986
2189,6,299
2190,6,985
2190,6,986
2190,6,299
2195,6,287
2198,6,289
2198,6,984
2206,6,289
2206,6,986
2206,6,299
2212,6,985
2212,6,986
2212,6,299
2224,6,985
2224,6,986
2224,6,299
2227,6,985
2227,6,986
2227,6,299
2233,6,985
2235,6,985
2235,6,986
2235,6,299
2241,6,287
2244,6,986
2244,6,299
2245,6,305
2250,6,289
2250,6,986
2250,6,299
2257,6,985
2257,6,986
2257,6,299
2260,6,283
2269,6,289
2269,6,986
2269,6,299
2277,6,289
2277,6,986
2277,6,299
2282,6,985
2282,6,986
2282,6,299
2292,6,305
2295,6,985
2295,6,986
2295,6,299
2303,6,985
2303,6,986
2303,6,299
2314,6,305
2314,6,986
2314,6,299
2319,6,309
2324,6,293
2327,6,985
2327,6,986
2327,6,299
2343,6,985
2343,6,986
2343,6,299
2344,6,309
2348,6,279
2348,6,299
2355,6,985
2355,6,986
2355,6,299
2363,6,309
2365,6,287
2365,6,307
2368,6,287
2370,6,985
2370,6,986
2370,6,299
2381,6,279
2381,6,299
2389,6,985
2389,6,986
2389,6,299
2411,6,293
2393,6,985
2393,6,986
2393,6,299
2396,6,985
2396,6,986
2396,6,299
2404,6,293
2401,6,287
2402,6,287
2402,6,307
2415,6,985
2423,6,985
2423,6,986
2423,6,299
2427,6,283
2431,6,283
2437,6,985
2437,6,986
2437,6,299
2442,6,287
2448,6,985
2448,6,986
2448,6,299
2454,6,291
2454,6,990
2454,6,989
2454,6,987
2464,6,295
2471,6,287
2470,6,287
2476,6,289
2476,6,986
2476,6,299
2480,6,285
2480,6,990
2480,6,988
2480,6,297
2488,6,985
2488,6,986
2488,6,299
2494,6,985
2494,6,986
2494,6,299
2499,6,985
2499,6,986
2503,6,289
2503,6,986
2503,6,299
2508,6,289
2512,6,287
2513,6,985
2513,6,986
2513,6,299
2514,6,985
2514,6,986
2514,6,299
2516,6,287
2518,6,291
2518,6,990
2518,6,989
2519,6,287
2521,6,985
2521,6,986
2521,6,299
2536,6,985
2536,6,986
2536,6,299
2540,6,279
2540,6,299
2549,6,283
2554,6,287
456,6,289
456,6,986
456,6,299
2561,6,985
2561,6,986
2561,6,299
2564,6,985
2564,6,986
2564,6,299
2565,6,985
2565,6,986
2565,6,299
2569,6,289
2567,6,985
2567,6,986
2567,6,299
2572,6,287
2575,6,305
2585,6,287
2592,6,985
2592,6,986
2592,6,299
2593,6,287
2601,6,279
2601,6,299
2600,6,305
2607,6,287
2609,6,287
2627,6,287
2627,6,307
2628,6,287
2630,6,985
2630,6,986
2630,6,299
2639,6,985
2637,6,287
2648,6,279
2648,6,299
2655,6,305
2668,6,985
2668,6,986
2668,6,299
2669,6,985
2669,6,986
2669,6,299
2673,6,279
2673,6,299
2676,6,287
2676,6,307
2675,6,287
30770,24,971
2131,6,303
2187,6,303
2203,6,303
2272,6,303
2325,6,303
2330,6,303
2349,6,303
2424,6,303
2510,6,303
2615,6,303
2632,6,303
2661,6,303
2121,7,339
2121,7,992
2121,7,337
2122,7,337
2124,7,353
2124,7,994
2126,7,325
2127,7,319
2144,7,321
2332,7,337
2142,7,337
2146,7,337
2148,7,347
2150,7,337
2152,7,337
2155,7,337
2162,7,337
2166,7,337
2168,7,325
2169,7,325
2179,7,325
2181,7,325
2187,7,315
2189,7,337
2194,7,337
2195,7,325
2198,7,339
2202,7,315
2203,7,315
2206,7,337
2212,7,337
2224,7,337
2227,7,337
2233,7,337
2241,7,325
2243,7,315
2245,7,347
2250,7,337
2257,7,337
2260,7,319
2261,7,337
2268,7,337
2277,7,337
2282,7,337
2287,7,325
2292,7,347
2294,7,339
2298,7,325
2300,7,315
2305,7,339
2308,7,337
2310,7,337
2314,7,337
2319,7,351
2324,7,331
2325,7,315
2327,7,337
2338,7,337
2342,7,337
2343,7,337
2344,7,351
2348,7,337
2349,7,315
2351,7,337
2363,7,351
2368,7,325
2370,7,337
2380,7,337
2381,7,337
2382,7,337
2384,7,337
2389,7,337
2396,7,337
2397,7,353
2397,7,993
2404,7,331
2409,7,325
2415,7,337
2418,7,351
536,7,325
2424,7,315
2427,7,319
2429,7,337
2431,7,319
2442,7,325
2448,7,337
2454,7,321
2458,7,319
2459,7,325
2464,7,333
2464,7,345
2466,7,315
2476,7,337
2480,7,329
2479,7,325
2489,7,325
2495,7,315
2503,7,337
2509,7,333
2510,7,315
2512,7,325
2513,7,337
2516,7,325
2518,7,329
2520,7,337
2521,7,337
2534,7,337
2535,7,337
2549,7,319
2553,7,315
456,7,337
2560,7,325
2565,7,337
2572,7,325
2575,7,347
2579,7,337
2580,7,337
2581,7,325
2585,7,325
2592,7,337
2593,7,325
5955,7,325
2601,7,337
2607,7,325
2609,7,325
2615,7,315
2620,7,315
2620,7,991
2625,7,339
2627,7,349
2632,7,315
2633,7,337
2645,7,325
2655,7,347
2661,7,315
2662,7,337
2668,7,337
2669,7,337
2676,7,349
2675,7,325
2119,8,357
2117,8,367
2117,8,375
2117,8,1005
2117,8,369
2120,8,357
2122,8,375
2126,8,355
2127,8,379
2127,8,361
1064,8,355
2144,8,365
2144,8,375
2144,8,1003
2144,8,369
2332,8,375
2140,8,375
2142,8,375
2143,8,359
2143,8,998
2143,8,1004
2146,8,375
2146,8,995
2146,8,998
2146,8,1001
2146,8,1002
2148,8,387
2150,8,375
2152,8,375
2153,8,375
2155,8,375
2160,8,375
2160,8,999
2160,8,375
2162,8,375
2168,8,355
2169,8,355
463,8,355
2176,8,355
2179,8,355
2181,8,355
2187,8,357
2194,8,375
2202,8,357
2206,8,375
2206,8,997
2224,8,375
2245,8,387
2250,8,375
2251,8,375
2257,8,375
2260,8,379
2260,8,361
2261,8,375
2261,8,999
2261,8,375
2262,8,355
2268,8,375
2277,8,375
2283,8,355
2287,8,355
2290,8,375
2290,8,999
2290,8,375
2292,8,387
2293,8,375
2294,8,355
2296,8,375
2298,8,355
2298,8,996
2299,8,375
2300,8,357
2309,8,375
2319,8,389
2319,8,391
2324,8,379
2324,8,371
2325,8,357
2327,8,375
2334,8,389
2334,8,391
2337,8,387
2337,8,355
2338,8,375
2342,8,375
2342,8,999
2342,8,375
2349,8,357
2351,8,375
2357,8,375
2363,8,389
2363,8,391
2368,8,355
2370,8,375
2378,8,375
2380,8,375
2382,8,375
2383,8,355
2388,8,375
2389,8,375
2392,8,355
2394,8,355
2404,8,379
2404,8,371
2398,8,355
2409,8,355
2415,8,375
2418,8,389
2418,8,391
2419,8,355
536,8,355
2429,8,375
2431,8,379
2431,8,361
2437,8,355
2438,8,355
2442,8,355
2446,8,375
2448,8,375
2450,8,359
2450,8,998
2450,8,1004
2451,8,355
2453,8,375
2454,8,365
2454,8,375
2454,8,1003
2454,8,369
2466,8,357
2476,8,375
2477,8,355
2477,8,1000
2487,8,375
2489,8,355
2490,8,355
2513,8,375
2520,8,375
2535,8,375
2543,8,355
2547,8,385
2549,8,379
2552,8,359
2552,8,998
2552,8,1001
2552,8,1002
2553,8,357
2556,8,375
456,8,375
2558,8,355
2560,8,355
2565,8,375
2575,8,387
2577,8,355
2579,8,375
2581,8,355
2591,8,375
2592,8,375
2593,8,355
5955,8,355
2595,8,375
2604,8,375
2604,8,999
2604,8,375
2609,8,355
2615,8,357
2625,8,355
2627,8,355
2633,8,375
2643,8,357
2645,8,355
2652,8,355
2654,8,375
2655,8,387
482,8,355
512,8,375
2674,8,375
2674,8,999
2674,8,375
2676,8,355
2676,8,1000
2675,8,355
2119,9,399
2117,9,419
2120,9,399
2122,9,431
2124,9,433
2127,9,409
1064,9,397
2144,9,419
2139,9,423
2139,9,425
2139,9,1010
2139,9,1014
2142,9,431
2143,9,405
2146,9,433
2147,9,423
2147,9,425
2147,9,437
2152,9,431
2153,9,431
2158,9,423
2158,9,425
2158,9,437
2158,9,421
2162,9,431
2168,9,397
2169,9,397
463,9,397
2174,9,431
2179,9,397
2180,9,397
2187,9,399
2191,9,435
2202,9,399
2216,9,431
2222,9,397
861,9,431
2244,9,423
2244,9,413
2244,9,431
2258,9,399
2260,9,409
2261,9,431
2262,9,397
2273,9,397
2277,9,431
2277,9,1011
2277,9,421
2285,9,397
523,9,399
2292,9,381
2293,9,431
2294,9,397
2294,9,1017
2294,9,421
2296,9,431
2298,9,423
2298,9,425
2298,9,1006
2299,9,431
2300,9,399
2309,9,431
2319,9,435
2320,9,397
2321,9,423
2321,9,413
2321,9,407
2325,9,399
2326,9,423
2326,9,413
2326,9,407
2333,9,423
2334,9,435
2337,9,397
2341,9,431
2562,9,433
2357,9,431
2358,9,431
2363,9,435
2364,9,423
2364,9,413
2364,9,407
2367,9,423
2367,9,439
2369,9,423
2369,9,425
2369,9,1007
2370,9,431
2380,9,431
2385,9,393
2385,9,397
2385,9,1009
2385,9,427
2413,9,431
2392,9,397
2392,9,689
2394,9,397
2404,9,429
2398,9,397
2399,9,397
2409,9,397
2410,9,431
2418,9,435
2419,9,397
536,9,397
2426,9,407
2431,9,409
2437,9,397
2451,9,397
2452,9,435
2453,9,431
2454,9,419
545,9,397
2466,9,399
2469,9,397
2473,9,433
2473,9,395
2473,9,1018
2473,9,1014
2474,9,431
2476,9,431
2477,9,423
2477,9,425
2477,9,437
2477,9,397
2487,9,431
2489,9,397
2490,9,397
2497,9,397
2523,9,423
2523,9,413
2523,9,407
2525,9,431
2527,9,423
2527,9,413
2527,9,431
2530,9,431
2537,9,383
2537,9,1015
2543,9,397
2547,9,433
2549,9,409
456,9,431
2558,9,397
2558,9,1017
2558,9,1016
2558,9,397
2560,9,397
2565,9,431
2573,9,397
2577,9,397
2581,9,397
862,9,397
2595,9,431
2596,9,431
2597,9,399
510,9,423
510,9,413
510,9,407
2599,9,431
2602,9,397
2603,9,431
2611,9,397
2625,9,397
2625,9,1017
2625,9,421
2627,9,397
2633,9,431
2636,9,397
2638,9,399
2642,9,397
2643,9,399
2652,9,397
2653,9,397
2653,9,1012
2653,9,689
2659,9,431
482,9,393
482,9,397
512,9,431
2667,9,397
2674,9,431
2676,9,423
2676,9,425
2676,9,1013
2675,9,397
2675,9,413
2675,9,407
2675,9,1008
2119,10,447
2120,10,445
2122,10,471
2128,10,471
2129,10,447
1064,10,441
2143,10,457
2143,10,471
2143,10,1021
2152,10,471
2153,10,471
2162,10,471
2164,10,471
2168,10,441
2169,10,441
463,10,441
2174,10,471
2179,10,441
2187,10,445
2191,10,473
2193,10,471
2196,10,441
2201,10,471
2202,10,445
2202,10,1019
2202,10,445
2206,10,469
2206,10,1023
2214,10,471
2216,10,471
2222,10,441
861,10,471
2242,10,441
2247,10,471
2253,10,471
2256,10,441
2262,10,441
2267,10,471
2273,10,441
2277,10,469
2285,10,441
523,10,445
523,10,1020
2294,10,469
2294,10,1022
466,10,441
2296,10,471
2299,10,471
527,10,463
2300,10,445
2300,10,1019
2300,10,445
2304,10,471
2312,10,471
2317,10,471
2319,10,473
2316,10,441
2321,10,459
2328,10,471
2334,10,473
2335,10,441
2336,10,441
2341,10,471
2342,10,471
2350,10,471
2356,10,471
2357,10,471
2358,10,471
2363,10,473
2380,10,471
2413,10,471
2392,10,455
2394,10,441
2398,10,441
2399,10,441
2419,10,441
536,10,441
2431,10,463
2437,10,441
2437,10,471
544,10,441
2451,10,441
545,10,441
2466,10,445
2471,10,441
2474,10,471
2475,10,455
2477,10,441
2481,10,471
2483,10,471
2487,10,471
2489,10,441
2490,10,441
2491,10,471
2496,10,471
2497,10,441
2501,10,471
2502,10,471
2530,10,471
2532,10,455
2549,10,463
2550,10,441
456,10,471
2558,10,441
2558,10,471
2560,10,441
2563,10,471
2568,10,471
2573,10,441
2576,10,441
2577,10,441
2581,10,441
559,10,441
862,10,441
2595,10,471
2597,10,447
510,10,459
2599,10,471
2602,10,441
2603,10,471
2606,10,471
2608,10,441
458,10,471
2614,10,441
2627,10,441
2633,10,471
478,10,441
2641,10,455
2642,10,441
2644,10,441
2647,10,441
2648,10,471
2652,10,441
2659,10,471
2660,10,463
482,10,441
512,10,471
2667,10,441
2672,10,441
2119,11,485
2119,11,479
2122,11,515
2128,11,515
1064,11,479
462,11,479
2138,11,493
2138,11,1024
2138,11,507
2143,11,495
2152,11,515
2153,11,515
2162,11,515
2164,11,515
2168,11,479
463,11,479
2172,11,515
2172,11,497
2187,11,483
2191,11,517
435,11,519
435,11,515
2196,11,479
2201,11,515
2209,11,503
2209,11,1025
2213,11,495
2216,11,515
861,11,515
2234,11,479
2242,11,479
2247,11,515
2253,11,515
2256,11,479
2261,11,515
2261,11,481
2262,11,479
2267,11,515
2267,11,481
2273,11,479
2281,11,515
2284,11,483
2285,11,479
2286,11,515
2286,11,477
2286,11,509
523,11,491
523,11,483
2294,11,489
2294,11,479
2296,11,515
2299,11,515
2300,11,483
2304,11,515
2317,11,515
2319,11,517
2316,11,479
2320,11,519
2320,11,515
2321,11,497
2321,11,495
2322,11,493
2324,11,491
2328,11,515
2328,11,481
2328,11,517
2334,11,517
2335,11,479
2357,11,515
2363,11,517
2376,11,503
2380,11,515
2387,11,481
2413,11,515
2392,11,493
2394,11,479
507,11,495
2403,11,499
2398,11,479
2399,11,479
536,11,479
2432,11,515
2436,11,479
2437,11,515
471,11,479
544,11,479
2451,11,479
2455,11,479
545,11,479
2463,11,487
472,11,479
546,11,479
2475,11,493
2476,11,515
2481,11,515
2483,11,515
2487,11,515
2489,11,479
2490,11,479
2502,11,515
2515,11,515
2515,11,481
2523,11,497
2524,11,479
2528,11,519
2528,11,515
2539,11,487
2545,11,503
2549,11,501
456,11,515
2558,11,515
2559,11,503
2560,11,479
2563,11,515
2563,11,481
2566,11,495
2568,11,515
2576,11,479
2577,11,479
2581,11,479
2583,11,515
862,11,479
2595,11,515
510,11,497
2606,11,515
2608,11,479
458,11,515
2620,11,483
459,11,515
2627,11,479
2633,11,515
478,11,479
2642,11,479
2646,11,515
2647,11,479
2649,11,479
2648,11,515
2648,11,481
2652,11,479
2656,11,493
2659,11,515
2660,11,501
482,11,479
512,11,515
512,11,495
2667,11,479
2672,11,479
2119,12,523
2128,12,565
2128,12,521
1064,12,523
1065,12,525
1065,12,561
462,12,523
2138,12,543
2143,12,533
2143,12,561
2146,12,565
2146,12,521
2162,12,565
2162,12,521
2164,12,565
2164,12,521
463,12,523
2178,12,523
434,12,565
434,12,521
522,12,527
2191,12,567
2191,12,1027
2191,12,555
2192,12,565
2192,12,521
435,12,565
435,12,521
2196,12,523
437,12,565
437,12,521
2214,12,565
2214,12,521
2216,12,565
2216,12,521
861,12,565
861,12,521
2234,12,523
541,12,567
2237,12,523
2237,12,1026
2237,12,523
2238,12,565
2238,12,521
2242,12,523
2242,12,1026
2242,12,551
2246,12,565
2246,12,557
2246,12,523
2247,12,565
2247,12,521
2254,12,565
2254,12,521
486,12,539
526,12,547
2262,12,523
2262,12,1026
2262,12,551
2273,12,523
2275,12,565
2275,12,521
2278,12,539
2286,12,545
2294,12,523
2299,12,565
2299,12,521
2300,12,527
467,12,523
2302,12,531
2317,12,565
2317,12,521
2319,12,567
2316,12,523
2320,12,565
2320,12,521
2321,12,533
2321,12,561
2322,12,531
417,12,549
2334,12,567
2339,12,565
2339,12,521
2357,12,565
2357,12,521
2363,12,567
442,12,521
2380,12,565
2380,12,521
2413,12,565
2413,12,521
2392,12,531
2394,12,523
507,12,533
507,12,561
446,12,565
446,12,521
470,12,523
536,12,523
2425,12,539
765,12,527
2432,12,565
2432,12,521
2436,12,523
471,12,523
544,12,523
2451,12,523
2451,12,1026
2451,12,551
2457,12,559
551,12,567
545,12,523
2463,12,529
2465,12,565
2465,12,521
453,12,565
453,12,521
472,12,523
546,12,523
2475,12,531
2476,12,565
2476,12,521
2487,12,565
2487,12,521
2489,12,523
2492,12,567
965,12,523
2502,12,565
2502,12,521
2522,12,539
2524,12,523
2526,12,523
2529,12,525
2529,12,561
519,12,535
519,12,561
2532,12,527
2545,12,539
2550,12,523
456,12,565
456,12,521
2559,12,539
2559,12,553
557,12,565
557,12,521
2560,12,523
2563,12,525
2563,12,561
2566,12,533
2566,12,561
2568,12,565
2568,12,521
2570,12,543
2577,12,523
2581,12,523
2583,12,565
2583,12,521
559,12,523
862,12,523
2595,12,565
2595,12,521
531,12,547
510,12,535
510,12,561
476,12,523
458,12,565
458,12,521
2620,12,527
2624,12,523
2625,12,523
459,12,565
459,12,521
2633,12,565
2633,12,521
2634,12,565
2634,12,521
2642,12,523
2649,12,523
2652,12,523
2656,12,531
2664,12,549
482,12,523
512,12,533
512,12,561
2667,12,523
2667,12,1026
2667,12,523
2672,12,523
584,13,571
2128,13,571
1064,13,573
2132,13,571
1065,13,587
2135,13,573
433,13,571
462,13,573
2138,13,581
2141,13,571
2143,13,587
549,13,583
2157,13,573
2164,13,571
2164,13,1033
2175,13,585
2175,13,1031
2178,13,573
2183,13,581
2186,13,571
434,13,571
522,13,575
2192,13,571
465,13,573
435,13,571
2196,13,573
484,13,577
437,13,571
861,13,571
541,13,609
2236,13,585
2236,13,595
2238,13,571
2239,13,581
2239,13,593
2239,13,597
860,13,571
2246,13,573
2246,13,1030
2247,13,571
2254,13,571
486,13,577
526,13,589
526,13,1029
2275,13,571
2276,13,581
441,13,571
2286,13,583
2291,13,577
466,13,573
527,13,589
2300,13,575
467,13,573
2317,13,571
2316,13,573
2323,13,571
2324,13,589
2324,13,1028
417,13,585
2331,13,571
2334,13,609
2339,13,571
2339,13,599
567,13,581
2562,13,587
2346,13,571
506,13,587
2357,13,571
2366,13,587
442,13,571
524,13,575
444,13,571
2413,13,571
507,13,587
446,13,571
447,13,571
470,13,573
2421,13,571
536,13,573
536,13,601
765,13,575
2432,13,571
471,13,573
2445,13,571
509,13,587
2447,13,577
544,13,573
544,13,601
551,13,609
545,13,573
2465,13,571
2467,13,573
453,13,571
472,13,573
546,13,573
2482,13,573
2485,13,571
2487,13,571
2489,13,573
965,13,573
2505,13,609
2507,13,581
2507,13,593
2507,13,597
454,13,571
2522,13,577
2522,13,1032
2524,13,573
2526,13,573
519,13,587
2532,13,575
2538,13,581
2545,13,577
2549,13,589
456,13,571
2559,13,589
557,13,571
2560,13,573
2563,13,587
2566,13,587
2574,13,571
2574,13,599
2577,13,573
2583,13,571
862,13,573
2595,13,571
531,13,589
531,13,1029
510,13,587
458,13,571
1029,13,573
2620,13,575
2622,13,581
2622,13,593
2623,13,571
459,13,571
2626,13,571
2633,13,571
478,13,573
2634,13,571
2642,13,573
479,13,573
2649,13,573
2652,13,573
2658,13,571
2660,13,589
2660,13,1028
482,13,573
512,13,587
2672,13,573
541,14,643
2238,14,611
860,14,611
486,14,619
526,14,631
550,14,641
487,14,619
2276,14,637
2276,14,645
2276,14,623
441,14,611
2286,14,641
2291,14,619
466,14,637
466,14,645
466,14,613
527,14,631
527,14,1034
2300,14,615
467,14,637
467,14,645
467,14,613
412,14,615
412,14,655
412,14,661
2307,14,633
2315,14,639
2317,14,611
488,14,619
417,14,627
2331,14,611
2331,14,649
2339,14,633
2339,14,1036
567,14,637
567,14,649
567,14,663
567,14,667
2345,14,611
2345,14,665
2562,14,629
506,14,629
554,14,641
493,14,619
442,14,611
2371,14,611
524,14,615
444,14,611
494,14,619
445,14,611
580,14,619
507,14,629
446,14,611
447,14,611
468,14,637
468,14,645
468,14,613
470,14,637
470,14,645
470,14,613
2420,14,633
536,14,637
536,14,635
765,14,615
537,14,637
537,14,635
2432,14,611
2435,14,631
2435,14,1034
471,14,637
471,14,645
471,14,613
448,14,611
2444,14,637
2444,14,635
509,14,629
2449,14,611
2449,14,665
544,14,637
544,14,649
551,14,621
551,14,657
2465,14,611
2465,14,649
453,14,611
472,14,637
472,14,645
472,14,613
2468,14,637
2468,14,649
546,14,637
546,14,649
565,14,639
565,14,651
965,14,637
965,14,645
965,14,613
533,14,639
1068,14,615
2505,14,621
2505,14,643
454,14,611
2511,14,621
2511,14,643
474,14,637
474,14,645
474,14,613
2526,14,637
2526,14,645
2526,14,613
519,14,629
519,14,667
2532,14,615
2532,14,655
2532,14,661
455,14,611
2538,14,637
2538,14,645
2538,14,623
2538,14,653
2538,14,627
2545,14,619
563,14,631
563,14,1034
456,14,611
557,14,611
557,14,665
2566,14,629
2566,14,1035
2574,14,633
559,14,637
559,14,647
862,14,637
862,14,645
862,14,613
2594,14,637
2594,14,647
531,14,631
531,14,625
510,14,629
476,14,637
476,14,645
476,14,613
458,14,611
2620,14,615
459,14,611
2633,14,611
478,14,637
478,14,645
478,14,613
2635,14,615
430,14,639
430,14,651
479,14,637
479,14,645
479,14,613
2650,14,637
2650,14,645
2650,14,613
461,14,611
482,14,637
482,14,645
482,14,613
512,14,629
535,14,639
2672,14,637
2672,14,645
2672,14,613
431,15,3
431,15,23
926,15,6
532,15,11
1065,15,6
521,15,9
432,15,3
432,15,23
483,15,5
433,15,3
433,15,23
462,15,4
405,15,679
405,15,7
549,15,16
713,15,7
463,15,4
464,15,4
434,15,3
434,15,23
522,15,9
2192,15,3
465,15,4
435,15,3
435,15,23
484,15,5
437,15,3
437,15,23
439,15,3
439,15,23
552,15,11
552,15,1037
552,15,683
552,15,17
513,15,8
540,15,14
861,15,3
2226,15,3
558,15,20
2229,15,6
485,15,5
541,15,14
860,15,3
503,15,6
504,15,6
818,15,23
486,15,5
526,15,10
550,15,16
487,15,5
441,15,3
441,15,23
523,15,9
466,15,4
527,15,10
467,15,4
412,15,679
412,15,7
505,15,6
1067,15,3
488,15,5
490,15,5
417,15,679
417,15,7
567,15,8
492,15,5
506,15,6
554,15,16
554,15,18
560,15,20
560,15,22
493,15,5
442,15,3
442,15,23
524,15,9
444,15,3
444,15,23
494,15,5
445,15,3
445,15,23
755,15,4
421,15,681
421,15,7
495,15,5
580,15,5
507,15,6
446,15,3
446,15,23
555,15,16
555,15,18
556,15,19
447,15,3
447,15,23
468,15,4
469,15,4
470,15,4
536,15,3
536,15,12
765,15,9
537,15,3
537,15,12
427,15,681
427,15,7
2439,15,15
2439,15,13
528,15,10
525,15,9
471,15,4
448,15,3
448,15,23
543,15,15
543,15,685
543,15,4
517,15,8
509,15,6
544,15,15
542,15,14
551,15,16
551,15,687
545,15,15
545,15,685
545,15,4
564,15,5
449,15,3
449,15,23
453,15,3
453,15,23
472,15,4
2468,15,15
546,15,15
538,15,3
538,15,12
518,15,8
498,15,5
565,15,681
565,15,7
473,15,4
865,15,23
965,15,4
2498,15,15
2498,15,13
499,15,5
500,15,5
533,15,11
454,15,3
454,15,23
474,15,4
519,15,8
2532,15,679
455,15,3
455,15,23
563,15,10
520,15,8
456,15,3
456,15,23
501,15,5
557,15,19
986,15,5
553,15,11
553,15,1037
553,15,683
553,15,17
559,15,679
559,15,21
862,15,4
475,15,4
539,15,15
539,15,13
539,15,3
539,15,23
531,15,10
510,15,6
548,15,15
511,15,6
476,15,4
534,15,11
458,15,3
458,15,23
889,15,23
459,15,3
459,15,23
477,15,4
478,15,4
430,15,681
430,15,7
460,15,3
460,15,23
479,15,4
461,15,3
461,15,23
482,15,4
512,15,6
535,15,11
431,16,42
431,16,502
1026,16,24
1026,16,542
1026,16,562
532,16,53
532,16,24
1031,16,24
1031,16,542
1031,16,562
1064,16,24
1064,16,542
1064,16,562
1065,16,46
1065,16,62
1065,16,522
521,16,49
432,16,502
483,16,44
1057,16,48
1057,16,424
4155,16,502
433,16,42
433,16,502
763,16,49
763,16,442
763,16,444
462,16,24
1055,16,45
405,16,45
549,16,52
4218,16,502
1033,16,24
1033,16,542
1033,16,562
1037,16,24
713,16,45
464,16,24
464,16,542
464,16,562
434,16,42
465,16,24
435,16,42
435,16,502
484,16,44
1028,16,24
437,16,42
437,16,502
1038,16,24
1038,16,542
1038,16,562
552,16,46
552,16,62
552,16,522
1049,16,43
1049,16,1038
1049,16,564
513,16,43
513,16,1038
513,16,564
540,16,50
540,16,604
558,16,51
1039,16,24
3175,16,43
3175,16,1038
3175,16,564
1036,16,24
504,16,46
504,16,62
504,16,522
1025,16,24
526,16,48
526,16,422
550,16,52
487,16,44
4235,16,502
1053,16,43
1053,16,1038
1053,16,564
1053,16,586
466,16,24
466,16,542
466,16,562
527,16,424
467,16,24
412,16,45
1044,16,42
1044,16,502
1030,16,24
1030,16,542
1030,16,562
505,16,46
505,16,62
505,16,522
1067,16,42
1067,16,502
488,16,44
490,16,44
1061,16,51
567,16,43
567,16,1038
567,16,564
567,16,586
492,16,44
1040,16,24
1048,16,43
1048,16,1038
1048,16,564
1062,16,51
560,16,50
560,16,602
493,16,47
493,16,482
493,16,542
493,16,562
4217,16,590
442,16,502
1054,16,43
1054,16,1038
1054,16,588
1054,16,45
1054,16,590
524,16,49
444,16,502
494,16,44
1032,16,24
1045,16,42
1045,16,502
445,16,42
445,16,502
1063,16,47
1063,16,502
421,16,45
421,16,590
495,16,44
580,16,44
507,16,46
507,16,62
507,16,522
1034,16,24
556,16,24
468,16,24
1051,16,43
1051,16,1038
1051,16,564
469,16,24
469,16,542
469,16,562
470,16,24
536,16,24
765,16,49
765,16,442
765,16,444
1052,16,43
1052,16,1038
427,16,45
528,16,48
528,16,424
471,16,24
448,16,502
517,16,43
517,16,1038
517,16,564
2014,16,42
2014,16,502
542,16,50
542,16,604
449,16,42
449,16,502
2467,16,24
1042,16,42
1042,16,502
1056,16,44
518,16,43
498,16,44
565,16,45
565,16,582
473,16,24
865,16,42
865,16,502
1041,16,24
965,16,24
533,16,53
533,16,24
533,16,542
533,16,562
1068,16,49
454,16,42
454,16,502
1027,16,24
474,16,24
474,16,542
474,16,562
1047,16,43
1047,16,1038
1047,16,564
519,16,43
519,16,1038
519,16,564
455,16,42
455,16,502
1059,16,49
563,16,48
563,16,424
520,16,43
520,16,462
456,16,42
456,16,502
501,16,44
557,16,47
557,16,502
4156,16,502
4175,16,502
475,16,24
531,16,48
531,16,422
4035,16,24
476,16,24
458,16,42
458,16,502
1050,16,43
1050,16,1038
1029,16,24
459,16,42
459,16,502
477,16,24
478,16,24
478,16,542
478,16,562
430,16,45
430,16,590
460,16,502
1046,16,43
1046,16,1038
1046,16,564
479,16,24
461,16,42
461,16,502
482,16,24
482,16,542
482,16,562
1035,16,24
1035,16,542
512,16,46
512,16,62
512,16,522
1043,16,42
1043,16,502
431,17,624
431,17,1044
1026,17,622
532,17,690
1031,17,622
4413,17,638
1064,17,622
1065,17,640
521,17,642
521,17,1043
521,17,1042
483,17,628
4417,17,628
4406,17,624
4406,17,1044
4412,17,638
433,17,622
763,17,642
763,17,1043
763,17,1040
462,17,690
4298,17,634
1055,17,642
1055,17,1043
1055,17,1045
405,17,642
405,17,1043
405,17,1045
549,17,636
4397,17,622
4418,17,628
1033,17,622
1037,17,690
713,17,642
713,17,1043
713,17,1042
10355,17,628
464,17,622
2192,17,640
435,17,624
435,17,1044
484,17,628
4299,17,634
7035,17,622
4398,17,622
1038,17,622
4407,17,624
4407,17,1044
4399,17,622
540,17,630
558,17,626
2232,17,642
2232,17,1043
2232,17,1042
504,17,640
4303,17,634
4303,17,702
4303,17,722
4302,17,634
526,17,632
526,17,1041
12595,17,640
4375,17,622
4395,17,622
466,17,622
527,17,632
527,17,1039
467,17,622
412,17,642
412,17,1043
412,17,1042
1044,17,624
1044,17,1044
1030,17,622
505,17,640
1067,17,624
1067,17,1044
488,17,628
490,17,628
1061,17,626
4301,17,634
4415,17,636
4404,17,624
4404,17,1044
4416,17,630
4355,17,622
4376,17,638
4635,17,622
1062,17,626
560,17,636
493,17,622
4217,17,638
4405,17,624
4405,17,1044
4402,17,622
494,17,628
1045,17,624
445,17,624
445,17,1044
495,17,628
4414,17,632
580,17,628
507,17,640
1034,17,690
556,17,690
468,17,690
469,17,622
470,17,690
765,17,642
765,17,1043
765,17,1040
427,17,638
11235,17,624
11235,17,1044
528,17,632
528,17,1039
448,17,638
2014,17,624
2014,17,1044
9315,17,622
949,17,622
4419,17,628
4409,17,638
4411,17,638
449,17,624
449,17,1046
11835,17,632
11835,17,1041
1056,17,628
4304,17,634
4304,17,702
4304,17,634
4403,17,624
4403,17,1044
498,17,628
565,17,622
473,17,690
865,17,624
865,17,1044
6235,17,626
965,17,690
4295,17,630
533,17,622
1068,17,642
1068,17,1043
1068,17,1042
454,17,624
1027,17,690
474,17,622
12835,17,1039
455,17,624
455,17,1044
7736,17,622
563,17,632
563,17,1039
456,17,622
557,17,624
557,17,1044
4297,17,636
531,17,632
531,17,1041
6076,17,638
476,17,690
4396,17,622
458,17,622
4410,17,638
477,17,690
478,17,622
430,17,638
479,17,690
461,17,624
461,17,1044
4408,17,638
10555,17,624
10555,17,1044
4401,17,622
4300,17,634
4300,17,702
4300,17,634
535,17,690
4400,17,622
1043,17,624
1043,17,1044
18990,18,751
17630,18,751
1026,18,751
12936,18,745
12935,18,751
12935,18,1048
532,18,748
22911,18,748
1031,18,751
4413,18,747
12956,18,743
1065,18,749
521,18,743
483,18,753
4417,18,753
1057,18,746
12939,18,747
4412,18,747
433,18,751
462,18,748
1055,18,742
1055,18,1051
549,18,752
549,18,1050
4397,18,748
4418,18,753
4418,18,1049
1033,18,751
12937,18,748
1037,18,748
713,18,742
2178,18,748
464,18,751
12943,18,751
12941,18,751
435,18,1047
435,18,750
12942,18,742
12942,18,1051
12966,18,1047
12966,18,750
1038,18,751
4407,18,1047
4407,18,750
540,18,745
2226,18,1047
2226,18,762
503,18,749
504,18,749
1025,18,748
12945,18,752
526,18,746
22811,18,751
21431,18,751
4395,18,751
12944,18,748
12947,18,749
467,18,751
1044,18,1047
1044,18,750
12946,18,743
1030,18,751
1030,18,1048
1067,18,1047
1067,18,762
14470,18,1047
14470,18,762
488,18,753
490,18,753
12965,18,751
12965,18,1048
12964,18,744
1061,18,744
12948,18,748
4416,18,745
22151,18,751
4355,18,751
4355,18,1048
4376,18,751
4635,18,751
560,18,752
12962,18,751
12962,18,1048
4405,18,1047
4405,18,750
12963,18,748
494,18,753
12949,18,742
445,18,1047
445,18,750
495,18,753
580,18,753
1034,18,748
556,18,748
468,18,748
469,18,751
470,18,748
12952,18,747
12951,18,748
427,18,747
528,18,746
471,18,747
448,18,747
2014,18,1047
2014,18,750
12955,18,746
9315,18,751
9315,18,1048
949,18,751
12953,18,747
4419,18,753
12954,18,747
4409,18,747
4411,18,747
11835,18,746
1056,18,753
546,18,748
4403,18,750
498,18,753
865,18,1047
865,18,762
1041,18,748
6235,18,744
965,18,748
4295,18,745
533,18,751
1027,18,748
474,18,751
12938,18,747
12958,18,748
455,18,1047
12957,18,748
7736,18,751
563,18,746
557,18,1047
557,18,750
22091,18,751
4297,18,752
12950,18,747
475,18,748
12959,18,748
6076,18,747
476,18,748
458,18,751
12960,18,748
477,18,748
478,18,751
478,18,1048
12961,18,751
479,18,748
13830,18,751
461,18,1047
461,18,762
4408,18,747
10555,18,762
4401,18,751
4400,18,751
1043,18,1047
23642,19,810
23642,19,1052
23642,19,1053
12936,19,806
532,19,804
532,19,842
29855,19,811
4413,19,804
4413,19,843
23557,19,804
23557,19,843
12956,19,803
483,19,811
4417,19,811
1057,19,807
4412,19,804
4412,19,843
23631,19,812
4397,19,804
4397,19,842
12937,19,804
12937,19,842
1037,19,804
1037,19,842
713,19,803
23641,19,807
23570,19,805
28513,19,811
435,19,805
23531,19,803
23511,19,803
9615,19,805
4407,19,805
540,19,806
23673,19,805
23643,19,802
503,19,808
504,19,808
1025,19,804
1025,19,842
12945,19,810
12945,19,1052
12945,19,1053
526,19,807
23596,19,812
12944,19,804
12944,19,842
2291,19,811
23640,19,812
30014,19,803
12947,19,808
467,19,804
467,19,842
1044,19,805
23533,19,803
488,19,811
490,19,811
12964,19,802
1061,19,802
23651,19,808
12948,19,804
12948,19,842
4416,19,806
4376,19,809
23639,19,812
560,19,810
560,19,1052
560,19,1054
23534,19,803
4405,19,805
12963,19,804
12963,19,842
494,19,811
445,19,805
495,19,811
580,19,811
23597,19,812
23532,19,803
556,19,804
556,19,842
468,19,804
468,19,842
23599,19,812
469,19,813
470,19,804
470,19,842
23632,19,812
12952,19,804
12952,19,843
12951,19,804
12951,19,842
427,19,804
427,19,843
11235,19,843
23638,19,812
528,19,807
471,19,804
471,19,843
448,19,804
448,19,843
23594,19,812
2014,19,805
12955,19,807
23553,19,803
949,19,809
23571,19,805
4419,19,811
23565,19,805
4409,19,843
1042,19,813
11835,19,807
1056,19,811
23567,19,805
498,19,811
965,19,804
965,19,842
4295,19,806
23633,19,812
23551,19,803
1068,19,803
1027,19,804
1027,19,842
12938,19,804
12938,19,843
23556,19,804
23556,19,842
23595,19,812
563,19,807
23598,19,812
23652,19,808
23636,19,812
557,19,813
23592,19,813
22091,19,809
4297,19,810
4297,19,1052
4297,19,1053
23602,19,812
12950,19,804
12950,19,843
23634,19,812
23637,19,812
12959,19,804
12959,19,842
23653,19,808
23569,19,805
6076,19,804
6076,19,843
23601,19,812
476,19,804
12960,19,804
12960,19,842
23552,19,803
477,19,804
477,19,842
478,19,813
23591,19,813
12961,19,805
479,19,804
479,19,842
23600,19,812
23568,19,805
23555,19,804
23555,19,843
23566,19,805
23512,19,803
23635,19,812
30071,20,903
23642,20,903
532,20,882
30079,20,906
483,20,910
1057,20,908
1057,20,1056
4412,20,905
30078,20,906
23631,20,904
4397,20,882
23564,20,882
12937,20,882
1037,20,882
713,20,907
23641,20,908
23641,20,1055
2178,20,882
30062,20,902
30094,20,882
23558,20,882
23570,20,902
23570,20,914
28513,20,910
30102,20,906
23531,20,907
23511,20,907
23511,20,907
23511,20,916
30099,20,902
30099,20,915
9615,20,902
9615,20,914
30063,20,902
30063,20,914
23673,20,902
23673,20,914
30059,20,882
30069,20,903
23643,20,903
503,20,909
30076,20,905
504,20,909
30077,20,906
1025,20,882
12945,20,903
526,20,908
526,20,1055
23596,20,904
4395,20,882
12944,20,882
2291,20,910
467,20,882
1044,20,902
23533,20,907
488,20,910
30058,20,882
12964,20,903
1061,20,903
23651,20,909
30068,20,903
12948,20,882
30098,20,882
4416,20,903
22151,20,906
4355,20,902
4355,20,915
560,20,903
560,20,1057
12962,20,902
12962,20,914
30060,20,902
23534,20,907
23573,20,902
23573,20,914
4405,20,902
4405,20,914
30074,20,904
12963,20,882
445,20,902
445,20,914
30083,20,906
580,20,910
23597,20,904
1034,20,906
556,20,882
468,20,882
23599,20,904
469,20,902
469,20,915
30056,20,882
23632,20,904
12952,20,905
12952,20,913
12951,20,882
427,20,905
427,20,905
528,20,908
528,20,1056
448,20,905
23594,20,904
30054,20,907
12955,20,908
12955,20,1056
23553,20,907
23553,20,916
30097,20,882
23571,20,902
23571,20,914
23565,20,902
23565,20,914
23560,20,905
11835,20,908
11835,20,1055
1056,20,910
23567,20,902
30095,20,882
498,20,910
498,20,910
30065,20,902
30065,20,914
965,20,882
30064,20,902
30064,20,915
30061,20,902
30061,20,914
1068,20,907
30055,20,907
30070,20,903
30066,20,903
30080,20,906
23572,20,902
12938,20,905
30084,20,906
23595,20,904
30081,20,906
563,20,908
23598,20,904
23652,20,909
557,20,902
557,20,915
30096,20,882
30057,20,882
475,20,882
12959,20,882
23653,20,909
23569,20,902
23569,20,914
511,20,909
23601,20,904
30082,20,906
477,20,882
23591,20,904
12961,20,902
12961,20,914
479,20,882
23600,20,904
23568,20,902
23568,20,914
23566,20,902
23566,20,914
23512,20,907
23512,20,916
30067,20,903
23635,20,904
527,12,537
2324,12,537
2457,12,537
2541,12,537
2549,12,537
30628,20,903
30520,20,903
30601,20,910
30548,20,903
30550,20,903
30588,20,903
30646,20,882
30654,20,906
30549,20,910
30549,20,910
30554,20,902
30554,20,914
30558,20,903
30555,20,902
30555,20,914
30723,21,929
532,21,931
30300,21,931
30601,21,918
1057,21,928
1057,21,1063
23631,21,917
4397,21,931
23564,21,931
12937,21,931
30660,21,918
1037,21,931
30677,21,917
23641,21,928
23641,21,1064
30682,21,917
23558,21,931
30691,21,917
28513,21,918
23531,21,931
23531,21,1058
23531,21,923
30681,21,917
30703,21,931
30700,21,931
30069,21,924
30069,21,1061
30117,21,925
30708,21,931
503,21,926
30693,21,917
30077,21,931
1025,21,931
30657,21,917
526,21,928
526,21,1064
23596,21,917
30709,21,931
4395,21,931
2291,21,918
30684,21,917
467,21,931
30680,21,917
30118,21,931
30058,21,931
30687,21,917
23651,21,926
30068,21,922
30068,21,1059
12948,21,931
30679,21,917
23639,21,917
560,21,924
560,21,1062
30671,21,928
30671,21,1063
30683,21,917
30724,21,917
23534,21,923
30715,21,922
30715,21,1060
4405,21,925
30689,21,917
12963,21,917
30083,21,930
580,21,918
23597,21,917
30686,21,917
1034,21,930
30690,21,917
30719,21,924
30719,21,1061
30701,21,931
468,21,931
30720,21,917
23632,21,917
12951,21,931
427,21,929
528,21,928
528,21,1063
23594,21,917
30646,21,931
30707,21,931
23565,21,925
23560,21,929
30470,21,918
11835,21,928
11835,21,1064
1056,21,918
498,21,918
30678,21,917
965,21,931
30695,21,917
30722,21,929
30717,21,923
30718,21,923
30055,21,923
30070,21,924
30070,21,1062
1027,21,931
30713,21,922
30713,21,1059
30066,21,924
30066,21,1061
30702,21,931
30084,21,930
30121,21,929
30672,21,928
30672,21,1064
30692,21,917
563,21,928
563,21,1063
23652,21,926
557,21,925
30716,21,923
30685,21,917
30057,21,931
30710,21,931
30704,21,931
12959,21,931
23653,21,926
30721,21,917
30698,21,925
23601,21,917
30082,21,930
30694,21,917
30714,21,922
30714,21,1060
477,21,931
30706,21,931
30693,21,917
30077,21,931
1025,21,931
30657,21,917
526,21,928
526,21,1064
23596,21,917
30709,21,931
4395,21,931
2291,21,918
30684,21,917
467,21,931
30680,21,917
30118,21,931
30058,21,931
30687,21,917
23651,21,926
30068,21,922
30068,21,1059
12948,21,931
30679,21,917
23639,21,917
560,21,924
560,21,1062
30671,21,928
30671,21,1063
30683,21,917
30724,21,917
23534,21,923
30715,21,922
30715,21,1060
4405,21,925
30689,21,917
12963,21,917
30083,21,930
580,21,918
23597,21,917
30686,21,917
1034,21,930
30690,21,917
30719,21,924
30719,21,1061
30701,21,931
468,21,931
30720,21,917
23632,21,917
12951,21,931
427,21,929
528,21,928
528,21,1063
23594,21,917
30646,21,931
30707,21,931
23565,21,925
23560,21,929
30470,21,918
11835,21,928
11835,21,1064
1056,21,918
498,21,918
30678,21,917
965,21,931
30695,21,917
30722,21,929
30717,21,923
30718,21,923
30055,21,923
30070,21,924
30070,21,1062
1027,21,931
30713,21,922
30713,21,1059
30066,21,924
30066,21,1061
30702,21,931
30084,21,930
30121,21,929
30672,21,928
30672,21,1064
30692,21,917
563,21,928
563,21,1063
23652,21,926
557,21,925
30716,21,923
30685,21,917
30057,21,931
30710,21,931
30704,21,931
12959,21,931
23653,21,926
30721,21,917
30698,21,925
23601,21,917
30082,21,930
30694,21,917
30714,21,922
30714,21,1060
477,21,931
30706,21,931
